front,back,front_color,back_color,attemps,correct
What is the halting problem? How was it demonstrated?,"The halting problem says that it is not possible to devise an algorithm which can determine, given a program and an input, whether that program will halt or continue forever *without running the program*.<br>To prove it, you suppose there is such an program that can determine if another program will halt or not.<br>Now, create a new program, run the original program and say ""if the program says it will halt, repeat forever, otherwise halt"" (so do the opposite of what it says).<br>Now, feed the program into itself, with itself as the input. There is no possible output - if the program would repeat forever, the program would halt and vice versa - paradox, hence there is no such program. Q.E.D.",,,1,1
How can you make a state transition table for checking if a binary number is odd?, <table>  <tr>    <th>State</th>    <th>Input</th>    <th>Next State</th>  </tr>  <tr>    <td>S0</td>    <td>0</td>    <td>S1</td>  </tr>  <tr>    <td>S0</td>    <td>1</td>    <td>S0</td>  </tr><tr>    <td>S1</td>    <td>0</td>    <td>S1</td>  </tr><tr>    <td>S1</td>    <td>1</td>    <td>S0</td>  </tr></table> ,,,1,1
What regular expressions symbols do you need to remember? (Other symbols will be explained anyway).,<ul><li>* = 0 or more repeats.</li><li>+ = 1 or more repeats.</li><li>? = 0 or 1 repeats.</li><li>| = either or</li><li>() = grouped</li></ul>,,,1,1
What is a mealy machine?,A mealy machine is a finite state machine that also produces an output for each time an input is received.,,,1,1
Can you remember what a state transition diagram is?,Yes - good.<br>No - revise it.,,,1,1
What is a context-free language?,"A language that is not a regular language, e.g. cannot be described by a regular expression. A context-free language can be represented using Backus-Naur form.",,,1,1
How do you convert the expression:<br>6 3 - 2 5 * +<br>Into infix?,"Read from left to right. Every time you meet an operator, apply it to the last two items you met. (Except unary minus which only requires one arg).<br><ul style=""list-style-type:none""><li>(6 - 3)</li><li>(2 * 5)</li><li>(6 - 3) + (2 * 5)</li><li>6 - 3 + 2 * 5</li></ul>",,,1,1
How do you know if floating point is normalised or not?,"A normalised floating point number will have a mantissa that starts in either 10 or 01. This is because any duplicated starting digits do not change the value of the number, and waste space in the number.",,,1,1
What different symbols are used in Backus-Naur form?,"<ul><li>&lt &gt - anything surrounded by these is a non-terminal symbol.</li><li>::= - used to create a production rule.</li><li>| - the 'or' symbol, either everything to the left of it or everything to the right of it, until you hit another |.</li></ul>",,,1,1
Convert to denary.<table>  <tr>    <th>MANTISSA</th>    <th>EXPONENT</th>  </tr>  <tr>    <td>01101011</td>    <td>1101</td>  </tr></table> ,"<ol><li>Default binary point position in the mantissa is between digit 1 and 2 - 0.1101011</li><li>Look at exponent 1101 - this is -3 in denary (2s complement).</li><li>Move binary point right by -3 points, duplicate the first digit as you do so.</li><li>0.0001101011</li><li>Convert normally to denary.</li></ol>",,,1,1
How do you describe the difference between countably and uncountably infinite sets?,"A countably infinite set can be mapped onto the set of natural numbers ‚Ñï, for example the multiples of 3 can be counted 0, 3, 6 and so on.<br>An uncountably infinite set has no such mapping, for example the set of real numbers ‚Ñù - there is no way to start counting the items.",,,1,1
What is big O notation?,Big O notation is a measure of time complexity. It measures how well an algorithm scales with time as the size of the data set increases.,,,1,1
What does the set of {0‚Åø1‚Åø | n >= 0} actually represent?,"{a‚Åøb‚Åø | n >= 0} = {Œµ, ab, aabb, aaabbb, aaaabbbb, ...}<br>Œµ is the ""empty string""",,,1,1
Can you draw a syntax diagram to represent a context-free language / convert it to and from Backus-Naur form?,I hope so because I can't draw on the flashcard to show u.,,,1,1
What is an expression tree?,An expression tree is a way to describe an algebraic expression. If you traverse the tree in:<ul><li>Pre-order = polish notation</li><li>In-order = infix (looks normal)</li><li>Post-order = reverse polish notation</li></ul>,,,1,1
What are the two ways to define a regular language?,A regular language is either:<ul><li>A language which can be represented by a regular expression.</li><li>Any language that a finite state machine will accept.</li></ul>,,,1,1
How do you convert the expression:<br>4 * 2 + 6 - 3<br>Into RPN?,"Bracket up according to BIDMAS, then slowly create the expression by rewriting every ""a.b"" as ""ab.""<ul style=""list-style-type:none""><li>4 * 2 + 6 - 3</li><li>(((4 * 2) + 6) - 3)</li><li>((42*) + 6) - 3)</li><li>((42*6+) - 3)</li><li>42*6+3-</li></ul>",,,1,1
Which of the following strings match the regular expression a+c+(d|e)*<ul><li>aaccdede</li><li>cd</li><li>acd</li><li>aceeee</li><li>ac</li><li>acac</li></ul>,"a+c+(d|e)*<ul><li>aaccdede - yes</li><li>cd - no, needs to start with at least 1 a</li><li>acd - yes</li><li>aceeee - yes</li><li>ac - yes</li><li>acac - no, after the first c there needs to be nothing or a d or an e</li></ul>",,,1,1
What is the difference between a terminal and non-terminal symbol in Backus-Naur?,A terminal symbol is one that is made of actual strings. A non-terminal symbol contains other non-terminal symbols that can be broken down further.,,,1,1
What are the set symbols for:<ul><li>Union</li><li>Intersection</li><li>Difference</li></ul>And what does each mean?,<ul><li>Union - ‚à® - where A ‚à® B is the set containing elements that appear in either one of the sets.</li><li>Intersection - ‚àß - where A ‚àß B is the set containing the elements the sets have in common.</li><li>Difference - \ - where A \ B is the set of A where any items that also appear in B are removed.</li></ul>,,,0,0
How can you represent a finite state machine?,"<ul><li>State Transition Diagram - a picture that uses circles and arrows</li><li>State Transition Table - a table for each combination of state, an input, and the next state if given that input.</li></ul>",,,1,0
How can you compute an RPN expression using a stack?,"Iterate over the expression one character at a time. If you reach a number, add it to a stack. If you reach an operator, pop the number of items that operator needs from the stack.<ul><li>+, -, *, /, ^ = 2 operands.</li><li>~ = 1 operand (unary minus)</li></ul>For the dual operand operators, apply the operator so that it's like second_popped - first_popped, otherwise its wrong. Then, push result to the stack and continue. There should be one item left on the stack at the end which is your answer.",,,1,1
How would you write a set comprehension for even numbers?,{x | x œµ ‚Ñï ‚àß x is even}<ul><li>| means 'such that'</li><li>‚àß means 'and'</li></ul>,,,1,1
Do you remember how to translate a FSM into a regular expression and vice versa?,Yes. (if not go look at that).,,,1,1
What is the Cartesian product of two sets?,"The Cartesian product is written as A x B, this produces a new set which the set of all ordered pairs of elements:<br><ul style=""list-style-type:none""><li>for a in A:</li><li>    for b in B:</li><li>        new_set.append((a, b))</li></ul>",,,1,1
What is a set?,A set is a well defined collection of objects.,,,1,0
What are each of these common sets:<ul><li>‚Ñï</li><li>‚Ñ§</li><li>‚Ñ§+</li><li>‚Ñ§0+</li><li>‚Ñö</li><li>‚Ñù</li><li>ùïÄ</li><li>‚ÑÇ</li><li>‚àÖ</li></ul>,<ul><li>‚Ñï - natural numbers</li><li>‚Ñ§ - integers</li><li>‚Ñ§+ - positive integers</li><li>‚Ñ§0+ - positive integers and 0</li><li>‚Ñö - rational numbers</li><li>‚Ñù - irrational numbers</li><li>ùïÄ - imaginary numbers</li><li>‚ÑÇ - complex numbers</li><li>‚àÖ - empty set</li></ul>,,,1,1
What is the definition of a tractable and an intractable problem?,A tractable problem is one that *can be solved* using an algorithm that has a polynomial time complexity or better.<br>An intractable problem is one that *can be solved* with an algorithm of exponential time complexity or worse.,,,1,1
"What is a production rule in Backus-Naur, and how do you write one?",A production rule in Backus-Naur is a rule which states how non-terminal symbols can be contructed from terminal and non-terminal symbols.<br>They can be written like:&ltnumber&gt ::= &ltdigit&gt|&ltdigit&gt&ltnumber&gt,,,0,0
What is the difference between a subset and a proper subset? What are the symbols for both?,"A proper subset means that all of a set's elements are contained within another set, for example:<br>{0, 1, 2} ‚äÇ {0, 1, 2, 3} (proper subset)<br>A subset differs because a subset allows for the sets to be identical while a proper subset does not.<br>{0, 1, 2, 3} ‚äÜ {0, 1, 2, 3} (subset)",,,0,0
How do you typically denote a set?,"<ul><li>Capital letter</li><li>Surround items in '{}'</li><li>Comma to separate items</li></ul>For exampleS = {a, b, c, d}",,,1,1
What are the different time complexities you need to know for A-Level? (Ranked best to worst).,<ul><li>O(1) - constant time complexity.</li><li>O(logn) - logarithmic time complexity.</li><li>O(n) - linear time complexity.</li><li>O(nlogn) - linearithmic time complexity.</li><li>O(n¬≤) - polynomial time complexity.</li><li>O(a‚Åø) - exponential time complexity.</li><li>O(n!) - factorial time complexity.</li></ul>,,,1,1
What is the definition of a computable problem?,A problem can be defined as computable if there is an algorithm that can solve every instance of this problem in a finite number of steps.,,,1,1
What is symmetric difference of a set?,The symmetric difference of a set is all elements of both sets except the elements that appear in both. It is written as (A \ B) ‚à® (B \ A).,,,1,1
What is the cardinality of a set?,The cardinality of a set is the number of elements it has. Only finite sets have a cardinality.,,,1,1
"Convert 13.25 to floating point binary, using an 8 bit mantissa and a 4 bit exponent.","<ol><li>Convert normally to binary, using the smallest amount of bits you can - 1011.01</li><li>Remember this is twos complement, so it needs a leading 0 - 01011.01</li><li>Pad the end of the number with zeros until you fill the mantissa - 01011.010</li><li>Shift binary point and count how far it moved to the left (if going right, its negative)</li><li>0.1011010 = 4 places left.</li><li>4 in binary = 0100 (4 bit exponent).</li><li>So 13.25 = 01011010 0100.</li></ol>",,,0,0
How can you have floating point binary?,"Have a bunch of bits. Define some of the bits to be your mantissa, and some of the bits to be your exponent. To find the actual value, bitshift your mantissa by your exponent.",,,1,1
